Date,Home,Away,Attendance,Capacity,FillRate,slot,derby,month,home_match_no,home_form,away_ppg
2025-08-08,Birmingham City,Ipswich Town,27508.0,29409,0.9353599238328404,fri_mon_night,0,08,1,,
2025-08-23,Birmingham City,Oxford United,27342.0,29409,0.9297153932469652,weekend_standard,0,08,2,,0.0
2025-09-20,Birmingham City,Swansea City,27441.0,29409,0.93308170968071,weekend_other,0,09,3,7.0,1.6
2025-09-30,Birmingham City,Sheffield Weds,27323.0,29409,0.9290693325172568,midweek,0,09,4,6.0,0.7142857142857143
2025-10-18,Birmingham City,Hull City,27215.0,29409,0.9253969873168078,weekend_standard,0,10,5,5.0,1.3333333333333333
2025-11-01,Birmingham City,Portsmouth,27903.0,29409,0.9487911863715188,weekend_standard,0,11,6,5.0,1.0833333333333333
2025-11-04,Birmingham City,Millwall,25408.0,29409,0.8639532116018905,midweek,0,11,7,7.0,1.8461538461538463
2025-11-22,Birmingham City,Norwich City,28080.0,29409,0.9548097521166988,weekend_standard,0,11,8,9.0,0.6
2025-12-01,Birmingham City,Watford,26086.0,29409,0.8870073786935972,fri_mon_night,0,12,9,10.0,1.411764705882353
2025-12-13,Birmingham City,Charlton Athletic,26822.0,29409,0.91203373117073,weekend_standard,0,12,10,7.0,1.2105263157894737
2025-12-26,Birmingham City,Derby County,28082.0,29409,0.9548777585093,fri_mon_night,0,12,11,4.0,1.4090909090909092
2025-12-29,Birmingham City,Southampton,27942.0,29409,0.9501173110272364,fri_mon_night,0,12,12,2.0,1.3478260869565217
2026-01-04,Birmingham City,Coventry City,27932.0,29409,0.949777279064232,weekend_other,0,01,13,3.0,2.08
2026-01-24,Birmingham City,Stoke City,27904.0,29409,0.9488251895678194,weekend_standard,0,01,14,8.0,1.4642857142857142
2026-02-07,Birmingham City,Leicester City,27886.0,29409,0.9482131320344112,weekend_standard,0,02,15,11.0,1.2666666666666666
2026-02-10,Birmingham City,West Brom,27307.0,29409,0.9285252813764494,midweek,1,02,16,11.0,1.064516129032258
2026-03-02,Birmingham City,Middlesbrough,26918.0,29409,0.9152980380155734,fri_mon_night,0,03,17,10.0,1.8529411764705883
2026-03-11,Birmingham City,QPR,25212.0,29409,0.8572885851270019,midweek,0,03,18,4.0,1.3055555555555556
2026-03-14,Birmingham City,Sheffield United,27588.0,29409,0.9380801795368764,weekend_standard,0,03,19,6.0,1.3243243243243243
2026-04-03,Birmingham City,Blackburn,27842.0,29409,0.9467169913971912,fri_mon_night,0,04,20,4.0,1.1025641025641026
2026-04-12,Birmingham City,Wrexham,28054.0,29409,0.9539256690128872,weekend_other,0,04,21,4.0,1.5609756097560976
2026-04-22,Birmingham City,Preston,23798.0,29409,0.8092080655581625,midweek,0,04,22,4.0,1.3255813953488371
2026-04-25,Birmingham City,Bristol City,27210.0,29409,0.9252269713353056,weekend_standard,0,04,23,7.0,1.3409090909090908
2025-08-16,Blackburn,Birmingham City,19552.0,31367,0.6233302515382408,weekend_standard,0,08,1,,1.0
2025-08-30,Blackburn,Norwich City,13580.0,31367,0.432939076099085,weekend_standard,0,08,2,,1.0
2025-09-30,Blackburn,Swansea City,11013.0,31367,0.3511014760735805,midweek,0,09,3,6.0,1.2857142857142858
2025-10-04,Blackburn,Stoke City,14751.0,31367,0.4702713042369369,weekend_other,0,10,4,6.0,1.75
2025-10-21,Blackburn,Sheffield United,12104.0,31367,0.3858832531003921,midweek,0,10,5,4.0,0.6
2025-10-25,Blackburn,Southampton,13686.0,31367,0.4363184238212134,weekend_standard,0,10,6,1.0,1.0909090909090908
2025-11-08,Blackburn,Derby County,20147.0,31367,0.6422992316766027,weekend_other,0,11,7,9.0,1.4285714285714286
2025-11-26,Blackburn,QPR,12460.0,31367,0.3972327605445213,midweek,0,11,8,12.0,1.375
2025-12-02,Blackburn,Ipswich Town,13142.0,31367,0.4189753562661396,midweek,0,12,9,7.0,1.588235294117647
2025-12-09,Blackburn,Oxford United,10255.0,31367,0.326935951796474,midweek,0,12,10,5.0,0.9473684210526315
2025-12-20,Blackburn,Millwall,11657.0,31367,0.3716326075174546,weekend_other,0,12,11,3.0,1.6666666666666667
2026-01-01,Blackburn,Wrexham,16494.0,31367,0.5258392578187266,midweek,0,01,12,6.0,1.4166666666666667
2026-01-04,Blackburn,Charlton Athletic,11367.0,31367,0.3623872222399337,weekend_standard,0,01,13,5.0,1.1666666666666667
2026-01-24,Blackburn,Watford,11640.0,31367,0.3710906366563586,weekend_standard,0,01,14,2.0,1.5555555555555556
2026-01-31,Blackburn,Hull City,13769.0,31367,0.4389645168489176,weekend_standard,0,01,15,2.0,1.7857142857142858
2026-02-03,Blackburn,Sheffield Weds,12590.0,31367,0.4013772435999617,midweek,0,02,16,2.0,0.3793103448275862
2026-02-20,Blackburn,Preston,19792.0,31367,0.6309816048713616,fri_mon_night,1,02,17,7.0,1.5
2026-02-24,Blackburn,Bristol City,10999.0,31367,0.3506551471291484,midweek,0,02,18,9.0,1.4242424242424243
2026-03-07,Blackburn,Portsmouth,14100.0,31367,0.4495170083208467,weekend_other,0,03,19,6.0,1.1470588235294117
2026-03-21,Blackburn,Middlesbrough,18959.0,31367,0.6044250326776549,weekend_other,0,03,20,4.0,1.8421052631578947
2026-04-06,Blackburn,West Brom,21581.0,31367,0.6880160678419995,fri_mon_night,0,04,21,8.0,1.1
2026-04-17,Blackburn,Coventry City,19657.0,31367,0.6266777186214811,fri_mon_night,0,04,22,6.0,2.0238095238095237
2026-05-02,Blackburn,Leicester City,19436.0,31367,0.6196320974272325,weekend_other,0,05,23,6.0,1.0888888888888888
2025-08-16,Bristol City,Charlton Athletic,24721.0,26462,0.9342075428916936,weekend_standard,0,08,1,,3.0
2025-08-30,Bristol City,Hull City,21385.0,26462,0.8081399743027737,weekend_standard,0,08,2,,1.3333333333333333
2025-09-21,Bristol City,Oxford United,23440.0,26462,0.8857985035144735,weekend_standard,0,09,3,11.0,0.4
2025-09-30,Bristol City,Ipswich Town,23329.0,26462,0.8816038092358854,midweek,0,09,4,8.0,1.5
2025-10-04,Bristol City,QPR,24200.0,26462,0.9145189328093116,weekend_standard,0,10,5,8.0,1.5
2025-10-21,Bristol City,Southampton,24219.0,26462,0.9152369435416824,midweek,0,10,6,5.0,1.2
2025-10-25,Bristol City,Birmingham City,24923.0,26462,0.9418411306779532,weekend_standard,0,10,7,8.0,1.3636363636363635
2025-11-04,Bristol City,Blackburn,21499.0,26462,0.8124480386969994,midweek,0,11,8,9.0,1.0833333333333333
2025-11-22,Bristol City,Swansea City,23842.0,26462,0.900990099009901,weekend_other,0,11,9,7.0,1.1333333333333333
2025-12-06,Bristol City,Millwall,22587.0,26462,0.8535636006348727,weekend_standard,0,12,10,7.0,1.7222222222222223
2025-12-10,Bristol City,Leicester City,21397.0,26462,0.8085934547653238,midweek,0,12,11,7.0,1.4210526315789473
2025-12-20,Bristol City,Middlesbrough,24259.0,26462,0.916748545083516,weekend_standard,0,12,12,4.0,2.0
2026-01-01,Bristol City,Portsmouth,24649.0,26462,0.9314866601163934,midweek,0,01,13,7.0,1.0869565217391304
2026-01-04,Bristol City,Preston,22409.0,26462,0.8468369737737133,weekend_standard,0,01,14,9.0,1.6
2026-01-24,Bristol City,Sheffield Weds,23418.0,26462,0.8849671226664652,weekend_standard,0,01,15,4.0,0.4074074074074074
2026-01-30,Bristol City,Derby County,23512.0,26462,0.888519386289774,fri_mon_night,0,01,16,7.0,1.4482758620689655
2026-02-17,Bristol City,Wrexham,22915.0,26462,0.865958733277908,midweek,0,02,17,7.0,1.5161290322580645
2026-02-27,Bristol City,Watford,21866.0,26462,0.8263169828433224,fri_mon_night,0,02,18,7.0,1.411764705882353
2026-03-07,Bristol City,Coventry City,23492.0,26462,0.8877635855188573,weekend_standard,0,03,19,7.0,2.0285714285714285
2026-03-21,Bristol City,West Brom,23659.0,26462,0.8940745219560124,weekend_standard,0,03,20,4.0,1.0526315789473684
2026-04-06,Bristol City,Sheffield United,21858.0,26462,0.8260146625349558,fri_mon_night,0,04,21,4.0,1.275
2026-04-18,Bristol City,Norwich City,23149.0,26462,0.8748016022976344,weekend_standard,0,04,22,8.0,1.380952380952381
2026-05-02,Bristol City,Stoke City,24671.0,26462,0.9323180409644016,weekend_other,0,05,23,5.0,1.2222222222222223
2025-08-09,Charlton Athletic,Watford,21778.0,27111,0.80329017741876,weekend_other,0,08,1,,
2025-08-23,Charlton Athletic,Leicester City,22183.0,27111,0.8182287632326362,weekend_other,0,08,2,,1.5
2025-09-13,Charlton Athletic,Millwall,23293.0,27111,0.8591715539817786,weekend_other,1,09,3,,1.5
2025-09-27,Charlton Athletic,Blackburn,19004.0,27111,0.7009700859429752,weekend_standard,0,09,4,5.0,1.2
2025-10-18,Charlton Athletic,Sheffield Weds,23009.0,27111,0.8486961012135296,weekend_standard,0,10,5,8.0,0.6666666666666666
2025-11-01,Charlton Athletic,Swansea City,20405.0,27111,0.7526465272398657,weekend_standard,0,11,6,8.0,1.3333333333333333
2025-11-04,Charlton Athletic,West Brom,17147.0,27111,0.6324739035815721,midweek,0,11,7,8.0,1.3846153846153846
2025-11-22,Charlton Athletic,Southampton,22708.0,27111,0.8375935966950684,weekend_other,0,11,8,8.0,1.2
2025-12-09,Charlton Athletic,Middlesbrough,17258.0,27111,0.6365681826564863,midweek,0,12,9,3.0,1.894736842105263
2025-12-20,Charlton Athletic,Oxford United,19594.0,27111,0.7227324702150418,weekend_standard,0,12,10,1.0,0.9047619047619048
2026-01-01,Charlton Athletic,Coventry City,20789.0,27111,0.7668105197152447,midweek,0,01,11,4.0,2.125
2026-01-17,Charlton Athletic,Sheffield United,19647.0,27111,0.7246873962598207,weekend_standard,0,01,12,5.0,1.28
2026-01-20,Charlton Athletic,Derby County,16266.0,27111,0.5999778687617572,midweek,0,01,13,5.0,1.4074074074074074
2026-02-06,Charlton Athletic,QPR,21290.0,27111,0.7852901036479658,fri_mon_night,0,02,14,7.0,1.4333333333333333
2026-02-11,Charlton Athletic,Stoke City,14836.0,27111,0.5472317509497989,midweek,0,02,15,7.0,1.3870967741935485
2026-02-17,Charlton Athletic,Portsmouth,18713.0,27111,0.690236435395227,midweek,0,02,16,7.0,1.1
2026-02-28,Charlton Athletic,Wrexham,21844.0,27111,0.8057246136254657,weekend_standard,0,02,17,6.0,1.588235294117647
2026-03-07,Charlton Athletic,Birmingham City,18541.0,27111,0.6838921470989635,weekend_standard,0,03,18,5.0,1.4
2026-03-21,Charlton Athletic,Norwich City,23008.0,27111,0.8486592158164583,weekend_standard,0,03,19,8.0,1.3421052631578947
2026-04-03,Charlton Athletic,Bristol City,20925.0,27111,0.7718269337169414,fri_mon_night,0,04,20,7.0,1.3076923076923077
2026-04-11,Charlton Athletic,Preston,18902.0,27111,0.6972077754417026,weekend_standard,0,04,21,5.0,1.3170731707317074
2026-04-22,Charlton Athletic,Ipswich Town,19706.0,27111,0.7268636346870274,midweek,0,04,22,2.0,1.8095238095238095
2026-04-25,Charlton Athletic,Hull City,20671.0,27111,0.7624580428608314,weekend_other,0,04,23,2.0,1.5909090909090908
2025-08-09,Coventry City,Hull City,29052.0,32609,0.890919684749609,weekend_other,0,08,1,,
2025-08-23,Coventry City,QPR,29015.0,32609,0.8897850286730657,weekend_standard,0,08,2,,0.5
2025-09-13,Coventry City,Norwich City,30547.0,32609,0.9367659235180472,weekend_standard,0,09,3,,1.5
2025-09-27,Coventry City,Birmingham City,30585.0,32609,0.9379312459750376,weekend_other,0,09,4,9.0,1.6666666666666667
2025-10-18,Coventry City,Blackburn,29606.0,32609,0.9079088595173112,weekend_standard,0,10,5,11.0,0.875
2025-10-25,Coventry City,Watford,30109.0,32609,0.9233340488822104,weekend_other,0,10,6,15.0,1.3636363636363635
2025-11-04,Coventry City,Sheffield United,29589.0,32609,0.90738753104971,midweek,0,11,7,12.0,0.6923076923076923
2025-11-22,Coventry City,West Brom,29216.0,32609,0.895948971142936,weekend_other,0,11,8,12.0,1.4
2025-11-29,Coventry City,Charlton Athletic,31141.0,32609,0.954981753503634,weekend_standard,0,11,9,12.0,1.3529411764705883
2025-12-13,Coventry City,Bristol City,29505.0,32609,0.9048115550921524,weekend_standard,0,12,10,10.0,1.5
2025-12-26,Coventry City,Swansea City,30139.0,32609,0.924254040295624,fri_mon_night,0,12,11,8.0,1.1818181818181819
2025-12-29,Coventry City,Ipswich Town,31213.0,32609,0.9571897328958264,fri_mon_night,0,12,12,8.0,1.6521739130434783
2026-01-17,Coventry City,Leicester City,31410.0,32609,0.963231009843908,weekend_other,1,01,13,5.0,1.4230769230769231
2026-01-20,Coventry City,Millwall,28605.0,32609,0.8772118126897482,midweek,0,01,14,7.0,1.7037037037037037
2026-02-07,Coventry City,Oxford United,30218.0,32609,0.926676684350946,weekend_standard,0,02,15,6.0,0.9
2026-02-16,Coventry City,Middlesbrough,30908.0,32609,0.947836486859456,fri_mon_night,0,02,16,7.0,1.967741935483871
2026-02-28,Coventry City,Stoke City,31516.0,32609,0.9664816461713024,weekend_standard,0,02,17,10.0,1.3823529411764706
2026-03-11,Coventry City,Preston,27835.0,32609,0.8535986997454691,midweek,0,03,18,15.0,1.3611111111111112
2026-03-14,Coventry City,Southampton,31281.0,32609,0.9592750467662302,weekend_other,0,03,19,15.0,1.5
2026-04-03,Coventry City,Derby County,31349.0,32609,0.961360360636634,fri_mon_night,0,04,20,12.0,1.5384615384615385
2026-04-11,Coventry City,Sheffield Weds,31647.0,32609,0.9704989420098744,weekend_other,0,04,21,10.0,0.3170731707317073
2026-04-21,Coventry City,Portsmouth,31182.0,32609,0.9562390751019656,midweek,0,04,22,9.0,1.186046511627907
2026-04-26,Coventry City,Wrexham,31003.0,32609,0.950749793001932,weekend_other,0,04,23,9.0,1.5909090909090908
2025-08-16,Derby County,Coventry City,30465.0,32926,0.9252566360930572,weekend_other,0,08,1,,1.0
2025-08-22,Derby County,Bristol City,27849.0,32926,0.8458057462187937,fri_mon_night,0,08,2,,2.0
2025-09-20,Derby County,Preston,29143.0,32926,0.8851059952621029,weekend_standard,0,09,3,5.0,1.6
2025-09-30,Derby County,Charlton Athletic,25966.0,32926,0.7886168984996659,midweek,0,09,4,6.0,1.5714285714285714
2025-10-04,Derby County,Southampton,29573.0,32926,0.8981655834295086,weekend_standard,0,10,5,6.0,1.25
2025-10-21,Derby County,Norwich City,25844.0,32926,0.7849116199963555,midweek,0,10,6,3.0,0.8
2025-10-25,Derby County,QPR,28931.0,32926,0.8786673145842192,weekend_standard,0,10,7,6.0,1.6363636363636365
2025-11-04,Derby County,Hull City,26391.0,32926,0.8015246309907065,midweek,0,11,8,10.0,1.6923076923076923
2025-11-22,Derby County,Watford,29442.0,32926,0.8941869647087408,weekend_standard,0,11,9,15.0,1.3333333333333333
2025-12-06,Derby County,Leicester City,30784.0,32926,0.9349450282451558,weekend_other,0,12,10,9.0,1.3333333333333333
2025-12-10,Derby County,Millwall,24424.0,32926,0.7417846079086436,midweek,0,12,11,6.0,1.7894736842105263
2025-12-20,Derby County,Portsmouth,28877.0,32926,0.8770272732794752,weekend_standard,0,12,12,7.0,1.0
2026-01-01,Derby County,Middlesbrough,30266.0,32926,0.9192127801737228,midweek,0,01,13,6.0,1.7916666666666667
2026-01-04,Derby County,Wrexham,29939.0,32926,0.90928141893944,weekend_standard,0,01,14,8.0,1.48
2026-01-23,Derby County,West Brom,20099.0,32926,0.6104294478527608,fri_mon_night,0,01,15,9.0,1.1071428571428572
2026-02-07,Derby County,Ipswich Town,29498.0,32926,0.8958877482840308,weekend_other,0,02,16,10.0,1.7586206896551724
2026-02-14,Derby County,Swansea City,27841.0,32926,0.8455627771366093,weekend_standard,0,02,17,10.0,1.3548387096774193
2026-02-28,Derby County,Blackburn,27831.0,32926,0.845259065783879,weekend_other,0,02,18,6.0,1.1176470588235294
2026-03-07,Derby County,Sheffield Weds,30937.0,32926,0.9395918119419304,weekend_standard,0,03,19,6.0,0.3142857142857143
2026-03-21,Derby County,Birmingham City,29928.0,32926,0.9089473364514364,weekend_other,0,03,20,9.0,1.394736842105263
2026-04-06,Derby County,Stoke City,31095.0,32926,0.9443904513150702,fri_mon_night,1,04,21,9.0,1.35
2026-04-18,Derby County,Oxford United,29281.0,32926,0.889297211929782,weekend_other,0,04,22,9.0,1.0476190476190477
2026-05-02,Derby County,Sheffield United,32538.0,32926,0.9882159995140618,weekend_other,0,05,23,9.0,1.2666666666666666
2025-08-17,Hull City,Oxford United,20667.0,25586,0.8077464238255296,weekend_standard,0,08,1,,0.0
2025-08-23,Hull City,Blackburn,20518.0,25586,0.8019229266004846,weekend_other,0,08,2,,0.0
2025-09-20,Hull City,Southampton,22085.0,25586,0.8631673571484405,weekend_standard,0,09,3,5.0,1.2
2025-09-30,Hull City,Preston,18624.0,25586,0.7278980692566247,midweek,0,09,4,4.0,1.7142857142857142
2025-10-04,Hull City,Sheffield United,21030.0,25586,0.8219338700852028,weekend_other,0,10,5,5.0,0.375
2025-10-21,Hull City,Leicester City,20211.0,25586,0.7899241772844524,midweek,0,10,6,10.0,1.7
2025-10-25,Hull City,Charlton Athletic,20804.0,25586,0.8131009145626514,weekend_standard,0,10,7,10.0,1.6363636363636365
2025-11-08,Hull City,Portsmouth,23205.0,25586,0.9069412960212616,weekend_other,0,11,8,10.0,1.0
2025-11-25,Hull City,Ipswich Town,21271.0,25586,0.8313530837176581,midweek,0,11,9,7.0,1.6
2025-12-05,Hull City,Middlesbrough,21105.0,25586,0.8248651606347221,fri_mon_night,0,12,10,6.0,1.8333333333333333
2025-12-10,Hull City,Wrexham,19464.0,25586,0.7607285234112405,midweek,0,12,11,6.0,1.4210526315789473
2025-12-20,Hull City,West Brom,21218.0,25586,0.8292816383959978,weekend_standard,0,12,12,9.0,1.3333333333333333
2026-01-01,Hull City,Stoke City,23152.0,25586,0.9048698506996014,midweek,0,01,13,13.0,1.4166666666666667
2026-01-24,Hull City,Swansea City,21912.0,25586,0.8564058469475494,weekend_standard,0,01,14,10.0,1.2857142857142858
2026-02-03,Hull City,Watford,20441.0,25586,0.7989134683029782,midweek,0,02,15,12.0,1.4827586206896552
2026-02-07,Hull City,Bristol City,20848.0,25586,0.8148206050183694,weekend_standard,0,02,16,13.0,1.4333333333333333
2026-02-21,Hull City,QPR,21928.0,25586,0.8570311889314469,weekend_other,0,02,17,10.0,1.375
2026-02-24,Hull City,Derby County,20391.0,25586,0.7969592746032986,midweek,0,02,18,7.0,1.4545454545454546
2026-03-07,Hull City,Millwall,21504.0,25586,0.8404596263581646,weekend_other,0,03,19,6.0,1.7714285714285714
2026-03-21,Hull City,Sheffield Weds,22004.0,25586,0.8600015633549597,weekend_standard,0,03,20,6.0,0.3157894736842105
2026-04-06,Hull City,Coventry City,22507.0,25586,0.8796607519737356,fri_mon_night,0,04,21,7.0,2.075
2026-04-18,Hull City,Birmingham City,22706.0,25586,0.8874384428984601,weekend_standard,0,04,22,5.0,1.3333333333333333
2026-05-02,Hull City,Norwich City,24616.0,25586,0.9620886422262176,weekend_other,0,05,23,3.0,1.4444444444444444
2025-08-17,Ipswich Town,Southampton,29128.0,30056,0.969124301304232,weekend_other,0,08,1,,3.0
2025-08-30,Ipswich Town,Derby County,29155.0,30056,0.9700226244343892,weekend_standard,0,08,2,,0.3333333333333333
2025-09-12,Ipswich Town,Sheffield United,28012.0,30056,0.9319936119244078,fri_mon_night,0,09,3,,0.0
2025-09-27,Ipswich Town,Portsmouth,29141.0,30056,0.9695568272557892,weekend_standard,0,09,4,6.0,1.3333333333333333
2025-10-05,Ipswich Town,Norwich City,29809.0,30056,0.9917820069204152,weekend_other,1,10,5,8.0,1.0
2025-10-21,Ipswich Town,Charlton Athletic,28006.0,30056,0.9317939845621508,midweek,0,10,6,10.0,1.5
2025-10-25,Ipswich Town,West Brom,28447.0,30056,0.946466595688049,weekend_other,0,10,7,7.0,1.5454545454545454
2025-11-04,Ipswich Town,Watford,27184.0,30056,0.9044450359329252,midweek,0,11,8,9.0,1.3846153846153846
2025-11-22,Ipswich Town,Wrexham,29147.0,30056,0.9697564546180464,weekend_standard,0,11,9,10.0,1.4
2025-12-06,Ipswich Town,Coventry City,29025.0,30056,0.9656973649188182,weekend_standard,0,12,10,8.0,2.388888888888889
2025-12-10,Ipswich Town,Stoke City,27008.0,30056,0.898589299973383,midweek,0,12,11,8.0,1.5789473684210527
2025-12-20,Ipswich Town,Sheffield Weds,28680.0,30056,0.9542187915890338,weekend_standard,0,12,12,7.0,0.45
2026-01-01,Ipswich Town,Oxford United,28199.0,30056,0.9382153313814212,midweek,0,01,13,10.0,0.9166666666666666
2026-01-17,Ipswich Town,Blackburn,26715.0,30056,0.888840830449827,weekend_other,0,01,14,10.0,1.12
2026-01-20,Ipswich Town,Bristol City,25539.0,30056,0.8497138674474315,midweek,0,01,15,13.0,1.4814814814814814
2026-01-31,Ipswich Town,Preston,27549.0,30056,0.9165890338035668,weekend_standard,0,01,16,12.0,1.4827586206896552
2026-02-28,Ipswich Town,Swansea City,27594.0,30056,0.918086239020495,weekend_standard,0,02,17,7.0,1.3529411764705883
2026-03-03,Ipswich Town,Hull City,26103.0,30056,0.8684788394996007,midweek,0,03,18,10.0,1.7647058823529411
2026-03-07,Ipswich Town,Leicester City,28709.0,30056,0.9551836571732766,weekend_standard,0,03,19,12.0,1.1428571428571428
2026-03-21,Ipswich Town,Millwall,29129.0,30056,0.969157572531275,weekend_other,0,03,20,11.0,1.7894736842105263
2026-04-06,Ipswich Town,Birmingham City,29381.0,30056,0.977541921746074,fri_mon_night,0,04,21,9.0,1.325
2026-04-19,Ipswich Town,Middlesbrough,29684.0,30056,0.9876231035400586,weekend_other,0,04,22,10.0,1.7142857142857142
2026-05-02,Ipswich Town,QPR,29636.0,30056,0.9860260846420016,weekend_other,0,05,23,6.0,1.288888888888889
2025-08-10,Leicester City,Sheffield Weds,31102.0,32259,0.9641340401128368,weekend_other,0,08,1,,
2025-08-29,Leicester City,Birmingham City,30971.0,32259,0.9600731578784216,fri_mon_night,0,08,2,,2.3333333333333335
2025-09-20,Leicester City,Coventry City,30857.0,32259,0.9565392603614497,weekend_other,1,09,3,10.0,1.8
2025-09-30,Leicester City,Wrexham,29357.0,32259,0.9100406088223442,midweek,0,09,4,9.0,1.1428571428571428
2025-10-18,Leicester City,Portsmouth,30496.0,32259,0.945348584891038,weekend_other,0,10,5,7.0,1.3333333333333333
2025-11-01,Leicester City,Blackburn,27925.0,32259,0.8656498961530116,weekend_other,0,11,6,5.0,0.9090909090909091
2025-11-04,Leicester City,Middlesbrough,28389.0,32259,0.8800334790291081,midweek,0,11,7,4.0,1.9230769230769231
2025-11-22,Leicester City,Stoke City,29897.0,32259,0.926780123376422,weekend_standard,0,11,8,4.0,1.8
2025-11-29,Leicester City,Sheffield United,28834.0,32259,0.8938280789857094,weekend_other,0,11,9,7.0,0.9411764705882353
2025-12-13,Leicester City,Ipswich Town,28942.0,32259,0.897175981896525,weekend_standard,0,12,10,7.0,1.7
2025-12-26,Leicester City,Watford,30485.0,32259,0.9450075947797514,fri_mon_night,0,12,11,7.0,1.4545454545454546
2025-12-29,Leicester City,Derby County,31354.0,32259,0.9719458135714064,fri_mon_night,0,12,12,7.0,1.391304347826087
2026-01-05,Leicester City,West Brom,27130.0,32259,0.8410056108372858,fri_mon_night,0,01,13,6.0,1.24
2026-01-24,Leicester City,Oxford United,30479.0,32259,0.944821600173595,weekend_standard,0,01,14,7.0,0.8888888888888888
2026-01-31,Leicester City,Charlton Athletic,28730.0,32259,0.8906041724789981,weekend_other,0,01,15,4.0,1.1428571428571428
2026-02-10,Leicester City,Southampton,25827.0,32259,0.8006137822003162,midweek,0,02,16,1.0,1.3870967741935485
2026-02-28,Leicester City,Norwich City,29136.0,32259,0.9031898074955826,weekend_other,0,02,17,2.0,1.2352941176470589
2026-03-10,Leicester City,Bristol City,25476.0,32259,0.7897330977401655,midweek,0,03,18,3.0,1.3888888888888888
2026-03-14,Leicester City,QPR,27494.0,32259,0.8522892836107753,weekend_standard,0,03,19,6.0,1.2702702702702702
2026-04-03,Leicester City,Preston,28797.0,32259,0.8926811122477448,fri_mon_night,0,04,20,5.0,1.3333333333333333
2026-04-11,Leicester City,Swansea City,27386.0,32259,0.8489413806999597,weekend_standard,0,04,21,6.0,1.3170731707317074
2026-04-21,Leicester City,Hull City,27834.0,32259,0.8628289779596392,midweek,0,04,22,3.0,1.6046511627906976
2026-04-24,Leicester City,Millwall,28729.0,32259,0.890573173377972,fri_mon_night,0,04,23,3.0,1.7954545454545454
2025-08-09,Middlesbrough,Swansea City,26035.0,34742,0.7493811524955385,weekend_standard,0,08,1,,
2025-08-30,Middlesbrough,Sheffield United,26610.0,34742,0.7659317252892752,weekend_other,0,08,2,,0.0
2025-09-19,Middlesbrough,West Brom,27803.0,34742,0.8002705658856715,fri_mon_night,0,09,3,13.0,2.0
2025-09-30,Middlesbrough,Stoke City,24707.0,34742,0.7111565252432215,midweek,0,09,4,11.0,1.8571428571428572
2025-10-17,Middlesbrough,Ipswich Town,27805.0,34742,0.8003281330953889,fri_mon_night,0,10,5,6.0,1.625
2025-10-25,Middlesbrough,Wrexham,30046.0,34742,0.864832191583674,weekend_standard,0,10,6,8.0,1.1818181818181819
2025-11-08,Middlesbrough,Birmingham City,26378.0,34742,0.7592539289620632,weekend_standard,0,11,7,8.0,1.5
2025-11-25,Middlesbrough,Coventry City,26726.0,34742,0.7692706234528812,midweek,0,11,8,6.0,2.3125
2025-11-29,Middlesbrough,Derby County,25402.0,34742,0.7311611306199989,weekend_standard,0,11,9,5.0,1.5294117647058822
2025-12-13,Middlesbrough,QPR,24055.0,34742,0.692389614875367,weekend_standard,0,12,10,10.0,1.55
2025-12-26,Middlesbrough,Blackburn,31475.0,34742,0.905963962926717,fri_mon_night,0,12,11,12.0,1.1904761904761905
2025-12-29,Middlesbrough,Hull City,31421.0,34742,0.9044096482643488,fri_mon_night,0,12,12,10.0,1.6521739130434783
2026-01-04,Middlesbrough,Southampton,26077.0,34742,0.7505900638996028,weekend_standard,0,01,13,4.0,1.32
2026-01-24,Middlesbrough,Preston,25723.0,34742,0.7404006677796328,weekend_other,0,01,14,9.0,1.5357142857142858
2026-01-31,Middlesbrough,Norwich City,28616.0,34742,0.8236716366357723,weekend_standard,0,01,15,12.0,1.1379310344827587
2026-02-21,Middlesbrough,Oxford United,28918.0,34742,0.8323642853030914,weekend_standard,0,02,16,12.0,0.875
2026-02-24,Middlesbrough,Leicester City,26019.0,34742,0.7489206148177998,midweek,0,02,17,10.0,1.1818181818181819
2026-03-11,Middlesbrough,Charlton Athletic,24668.0,34742,0.7100339646537333,midweek,0,03,18,8.0,1.2222222222222223
2026-03-14,Middlesbrough,Bristol City,34988.0,34742,1.0070807667952335,weekend_other,0,03,19,8.0,1.3513513513513513
2026-04-03,Middlesbrough,Millwall,32100.0,34742,0.9239537159633872,fri_mon_night,0,04,20,8.0,1.7692307692307692
2026-04-11,Middlesbrough,Portsmouth,27017.0,34742,0.7776466524667549,weekend_standard,0,04,21,3.0,1.05
2026-04-22,Middlesbrough,Sheffield Weds,25245.0,34742,0.7266421046571873,midweek,0,04,22,3.0,0.3488372093023256
2026-04-25,Middlesbrough,Watford,27482.0,34742,0.7910310287260377,weekend_other,0,04,23,5.0,1.2954545454545454
2025-08-16,Millwall,Middlesbrough,18021.0,20146,0.8945200039710116,weekend_standard,0,08,1,,3.0
2025-08-30,Millwall,Wrexham,17877.0,20146,0.8873721830636354,weekend_standard,0,08,2,,0.3333333333333333
2025-09-22,Millwall,Watford,14586.0,20146,0.7240146927429763,fri_mon_night,0,09,3,7.0,1.0
2025-10-01,Millwall,Coventry City,14802.0,20146,0.7347364241040405,midweek,0,10,4,8.0,1.8571428571428572
2025-10-04,Millwall,West Brom,17865.0,20146,0.8867765313213541,weekend_standard,0,10,5,5.0,1.75
2025-10-21,Millwall,Stoke City,13792.0,20146,0.6846024024620272,midweek,0,10,6,10.0,1.8
2025-10-25,Millwall,Leicester City,18738.0,20146,0.930110195572322,weekend_standard,0,10,7,10.0,1.5454545454545454
2025-11-08,Millwall,Preston,15788.0,20146,0.7836791422614912,weekend_other,0,11,8,10.0,1.7857142857142858
2025-11-26,Millwall,Sheffield Weds,13958.0,20146,0.6928422515635858,midweek,0,11,9,5.0,0.5
2025-11-29,Millwall,Southampton,18732.0,20146,0.9298123697011814,weekend_standard,0,11,10,5.0,1.411764705882353
2025-12-13,Millwall,Hull City,16419.0,20146,0.8150004963764519,weekend_standard,0,12,11,10.0,1.55
2025-12-26,Millwall,Ipswich Town,18843.0,20146,0.9353221483172838,fri_mon_night,0,12,12,7.0,1.6818181818181819
2025-12-29,Millwall,Bristol City,18077.0,20146,0.8972997121016579,fri_mon_night,0,12,13,5.0,1.565217391304348
2026-01-04,Millwall,Swansea City,14242.0,20146,0.7069393427975776,weekend_standard,0,01,14,5.0,1.28
2026-01-24,Millwall,Charlton Athletic,19004.0,20146,0.943313809192892,weekend_other,1,01,15,10.0,1.1851851851851851
2026-01-31,Millwall,Sheffield United,18007.0,20146,0.89382507693835,weekend_standard,0,01,16,10.0,1.25
2026-02-21,Millwall,Portsmouth,19153.0,20146,0.9507098183262186,weekend_standard,0,02,17,10.0,1.1612903225806452
2026-02-25,Millwall,Birmingham City,16636.0,20146,0.8257718653827062,midweek,0,02,18,10.0,1.4848484848484849
2026-03-10,Millwall,Derby County,15939.0,20146,0.7911744266851981,midweek,0,03,19,12.0,1.5
2026-03-14,Millwall,Blackburn,17802.0,20146,0.8836493596743771,weekend_standard,0,03,20,12.0,1.054054054054054
2026-04-06,Millwall,Norwich City,18855.0,20146,0.9359178000595652,fri_mon_night,0,04,21,10.0,1.375
2026-04-18,Millwall,QPR,18934.0,20146,0.939839174029584,weekend_other,0,04,22,5.0,1.380952380952381
2026-05-02,Millwall,Oxford United,18043.0,20146,0.8956120321651941,weekend_other,0,05,23,8.0,1.0444444444444445
2025-08-09,Norwich City,Millwall,26546.0,27359,0.970284001608246,weekend_standard,0,08,1,,
2025-08-23,Norwich City,Middlesbrough,26381.0,27359,0.9642530794254176,weekend_standard,0,08,2,,3.0
2025-09-20,Norwich City,Wrexham,26201.0,27359,0.9576738915896048,weekend_standard,0,09,3,7.0,0.8
2025-10-01,Norwich City,West Brom,24640.0,27359,0.9006177126356958,midweek,0,10,4,5.0,1.5714285714285714
2025-10-18,Norwich City,Bristol City,26249.0,27359,0.9594283416791548,weekend_standard,0,10,5,2.0,1.4444444444444444
2025-11-01,Norwich City,Hull City,25724.0,27359,0.9402390438247012,weekend_other,0,11,6,0.0,1.5833333333333333
2025-11-08,Norwich City,Leicester City,26213.0,27359,0.9581125041119924,weekend_standard,0,11,7,1.0,1.2857142857142858
2025-11-25,Norwich City,Oxford United,24922.0,27359,0.9109251069118024,midweek,0,11,8,1.0,0.875
2025-11-29,Norwich City,QPR,25571.0,27359,0.9346467341642604,weekend_standard,0,11,9,2.0,1.4705882352941178
2025-12-13,Norwich City,Southampton,25627.0,27359,0.9366935926020687,weekend_other,0,12,10,5.0,1.5
2025-12-26,Norwich City,Charlton Athletic,26594.0,27359,0.972038451697796,fri_mon_night,0,12,11,8.0,1.2857142857142858
2025-12-29,Norwich City,Watford,26553.0,27359,0.970539858912972,fri_mon_night,0,12,12,8.0,1.5217391304347827
2026-01-04,Norwich City,Stoke City,25656.0,27359,0.9377535728645052,weekend_standard,0,01,13,10.0,1.48
2026-01-26,Norwich City,Coventry City,25452.0,27359,0.9302971599839176,fri_mon_night,0,01,14,9.0,2.0714285714285716
2026-02-07,Norwich City,Blackburn,25628.0,27359,0.936730143645601,weekend_other,0,02,15,9.0,1.0666666666666667
2026-02-21,Norwich City,Birmingham City,26537.0,27359,0.9699550422164552,weekend_standard,0,02,16,12.0,1.4375
2026-02-25,Norwich City,Sheffield Weds,25141.0,27359,0.9189297854453744,midweek,0,02,17,9.0,0.3333333333333333
2026-03-11,Norwich City,Sheffield United,25503.0,27359,0.9321612632040644,midweek,0,03,18,12.0,1.3611111111111112
2026-03-14,Norwich City,Preston,25285.0,27359,0.9241931357140246,weekend_standard,0,03,19,12.0,1.3243243243243243
2026-04-03,Norwich City,Portsmouth,26613.0,27359,0.9727329215249096,fri_mon_night,0,04,20,12.0,1.0526315789473684
2026-04-11,Norwich City,Ipswich Town,26826.0,27359,0.980518293797288,weekend_other,1,04,21,10.0,1.8461538461538463
2026-04-21,Norwich City,Derby County,25058.0,27359,0.915896048832194,midweek,0,04,22,10.0,1.5348837209302326
2026-04-25,Norwich City,Swansea City,26454.0,27359,0.9669213056032748,weekend_standard,0,04,23,10.0,1.3636363636363635
2025-08-09,Oxford United,Portsmouth,11492.0,12500,0.91936,weekend_standard,0,08,1,,
2025-08-30,Oxford United,Coventry City,11279.0,12500,0.90232,weekend_standard,0,08,2,,2.3333333333333335
2025-09-13,Oxford United,Leicester City,11362.0,12500,0.90896,weekend_other,0,09,3,,2.25
2025-09-27,Oxford United,Sheffield United,11352.0,12500,0.90816,weekend_standard,0,09,4,5.0,0.0
2025-10-18,Oxford United,Derby County,11197.0,12500,0.89576,weekend_other,0,10,5,5.0,0.8888888888888888
2025-11-01,Oxford United,Millwall,11023.0,12500,0.88184,weekend_standard,0,11,6,7.0,1.9166666666666667
2025-11-04,Oxford United,Stoke City,10362.0,12500,0.82896,midweek,0,11,7,7.0,1.8461538461538463
2025-11-22,Oxford United,Middlesbrough,11138.0,12500,0.89104,weekend_standard,0,11,8,4.0,1.9333333333333333
2025-11-28,Oxford United,Ipswich Town,11307.0,12500,0.90456,fri_mon_night,0,11,9,3.0,1.6875
2025-12-13,Oxford United,Preston,10379.0,12500,0.83032,weekend_other,0,12,10,6.0,1.6
2025-12-26,Oxford United,Southampton,11500.0,12500,0.92,fri_mon_night,0,12,11,4.0,1.4090909090909092
2025-12-29,Oxford United,Swansea City,11413.0,12500,0.91304,fri_mon_night,0,12,12,4.0,1.1304347826086956
2026-01-17,Oxford United,Bristol City,11160.0,12500,0.8928,weekend_standard,0,01,13,3.0,1.5
2026-01-20,Oxford United,QPR,10478.0,12500,0.83824,midweek,0,01,14,4.0,1.4444444444444444
2026-01-31,Oxford United,Birmingham City,11509.0,12500,0.92072,weekend_standard,0,01,15,5.0,1.3448275862068966
2026-02-10,Oxford United,Norwich City,10211.0,12500,0.81688,midweek,0,02,16,5.0,1.1612903225806452
2026-02-28,Oxford United,West Brom,11054.0,12500,0.88432,weekend_standard,0,02,17,2.0,1.0294117647058822
2026-03-11,Oxford United,Blackburn,9993.0,12500,0.79944,midweek,0,03,18,7.0,1.0833333333333333
2026-03-14,Oxford United,Charlton Athletic,11325.0,12500,0.906,weekend_other,0,03,19,10.0,1.2702702702702702
2026-04-03,Oxford United,Hull City,11477.0,12500,0.91816,fri_mon_night,0,04,20,10.0,1.6923076923076923
2026-04-11,Oxford United,Watford,11223.0,12500,0.89784,weekend_standard,0,04,21,6.0,1.3902439024390243
2026-04-21,Oxford United,Wrexham,11128.0,12500,0.89024,midweek,0,04,22,5.0,1.558139534883721
2026-04-25,Oxford United,Sheffield Weds,12476.0,12500,0.99808,weekend_standard,0,04,23,5.0,0.3409090909090909
2025-08-16,Portsmouth,Norwich City,20382.0,20867,0.97675755978339,weekend_other,0,08,1,,0.0
2025-08-30,Portsmouth,Preston,20226.0,20867,0.9692816408683568,weekend_standard,0,08,2,,2.3333333333333335
2025-09-20,Portsmouth,Sheffield Weds,20225.0,20867,0.9692337183112092,weekend_standard,0,09,3,8.0,0.2
2025-10-01,Portsmouth,Watford,19646.0,20867,0.94148655772272,midweek,0,10,4,5.0,1.1428571428571428
2025-10-04,Portsmouth,Middlesbrough,20397.0,20867,0.9774763981406048,weekend_standard,0,10,5,5.0,2.25
2025-10-21,Portsmouth,Coventry City,20321.0,20867,0.9738342837973836,midweek,0,10,6,5.0,2.2
2025-10-25,Portsmouth,Stoke City,20164.0,20867,0.9663104423252024,weekend_other,0,10,7,5.0,1.6363636363636365
2025-11-05,Portsmouth,Wrexham,19877.0,20867,0.9525566684238272,midweek,0,11,8,4.0,1.3076923076923077
2025-11-22,Portsmouth,Millwall,20423.0,20867,0.9787223846264436,weekend_standard,0,11,9,1.0,1.6666666666666667
2025-11-29,Portsmouth,Bristol City,20388.0,20867,0.977045095126276,weekend_other,0,11,10,4.0,1.5294117647058822
2025-12-13,Portsmouth,Blackburn,19652.0,20867,0.941774093065606,weekend_standard,0,12,11,3.0,1.1578947368421053
2025-12-26,Portsmouth,QPR,20449.0,20867,0.9799683711122824,fri_mon_night,0,12,12,4.0,1.5454545454545454
2025-12-29,Portsmouth,Charlton Athletic,20401.0,20867,0.9776680883691954,fri_mon_night,0,12,13,5.0,1.2272727272727273
2026-01-25,Portsmouth,Southampton,20290.0,20867,0.9723486845258064,weekend_other,0,01,14,8.0,1.2857142857142858
2026-01-31,Portsmouth,West Brom,20413.0,20867,0.9782431590549672,weekend_standard,0,01,15,8.0,1.103448275862069
2026-02-14,Portsmouth,Sheffield United,20092.0,20867,0.9628600182105718,weekend_standard,0,02,16,8.0,1.2580645161290323
2026-02-28,Portsmouth,Hull City,20228.0,20867,0.969377485982652,weekend_other,0,02,17,6.0,1.7272727272727273
2026-03-10,Portsmouth,Swansea City,18508.0,20867,0.8869506876886951,midweek,0,03,18,7.0,1.3611111111111112
2026-03-16,Portsmouth,Derby County,19253.0,20867,0.9226529927636938,fri_mon_night,0,03,19,4.0,1.4594594594594594
2026-04-06,Portsmouth,Oxford United,20356.0,20867,0.9755115732975512,fri_mon_night,0,04,20,2.0,1.0
2026-04-14,Portsmouth,Ipswich Town,20251.0,20867,0.970479704797048,midweek,0,04,21,5.0,1.875
2026-04-18,Portsmouth,Leicester City,20344.0,20867,0.9749365026117792,weekend_other,0,04,22,8.0,1.119047619047619
2026-05-02,Portsmouth,Birmingham City,20478.0,20867,0.9813581252695645,weekend_other,0,05,23,12.0,1.4
2025-08-16,Preston,Leicester City,16797.0,23408,0.7175751879699248,weekend_standard,0,08,1,,3.0
2025-08-23,Preston,Ipswich Town,18381.0,23408,0.7852443609022557,weekend_standard,0,08,2,,1.0
2025-09-13,Preston,Middlesbrough,19391.0,23408,0.828392002734108,weekend_other,0,09,3,,3.0
2025-09-27,Preston,Bristol City,15295.0,23408,0.6534090909090909,weekend_standard,0,09,4,10.0,1.8333333333333333
2025-10-04,Preston,Charlton Athletic,14991.0,23408,0.640422077922078,weekend_standard,0,10,5,6.0,1.5
2025-10-21,Preston,Birmingham City,16857.0,23408,0.7201384142173616,midweek,0,10,6,8.0,1.2
2025-10-24,Preston,Sheffield United,16542.0,23408,0.7066814764183186,fri_mon_night,0,10,7,5.0,0.8181818181818182
2025-11-05,Preston,Swansea City,15911.0,23408,0.6797248803827751,midweek,0,11,8,9.0,1.3076923076923077
2025-11-21,Preston,Blackburn,21635.0,23408,0.9242566643882434,fri_mon_night,1,11,9,10.0,1.1428571428571428
2025-12-06,Preston,Wrexham,17842.0,23408,0.7622180451127819,weekend_standard,0,12,10,8.0,1.4444444444444444
2025-12-09,Preston,Coventry City,18477.0,23408,0.7893455228981545,midweek,0,12,11,6.0,2.263157894736842
2025-12-20,Preston,Norwich City,14831.0,23408,0.6335868079289132,weekend_other,0,12,12,9.0,0.8095238095238095
2026-01-01,Preston,Sheffield Weds,18069.0,23408,0.7719155844155844,midweek,0,01,13,6.0,0.4782608695652174
2026-01-17,Preston,Derby County,17641.0,23408,0.7536312371838687,weekend_standard,0,01,14,8.0,1.3461538461538463
2026-01-20,Preston,Hull City,14174.0,23408,0.6055194805194806,midweek,0,01,15,7.0,1.6923076923076923
2026-02-07,Preston,Portsmouth,16034.0,23408,0.6849794941900205,weekend_standard,0,02,16,4.0,1.1785714285714286
2026-02-14,Preston,Watford,14611.0,23408,0.6241883116883117,weekend_standard,0,02,17,4.0,1.4193548387096775
2026-02-28,Preston,Millwall,15489.0,23408,0.6616968557758032,weekend_standard,0,02,18,6.0,1.7352941176470589
2026-03-06,Preston,Oxford United,14009.0,23408,0.5984706083390294,fri_mon_night,0,03,19,5.0,0.9142857142857143
2026-03-20,Preston,Stoke City,16604.0,23408,0.7093301435406698,fri_mon_night,0,03,20,1.0,1.3421052631578947
2026-04-06,Preston,QPR,15046.0,23408,0.6427717019822283,fri_mon_night,0,04,21,4.0,1.4
2026-04-18,Preston,West Brom,17996.0,23408,0.768796992481203,weekend_standard,0,04,22,8.0,1.0952380952380953
2026-05-02,Preston,Southampton,20085.0,23408,0.85803998632946,weekend_other,0,05,23,7.0,1.711111111111111
2025-08-09,QPR,Preston,16804.0,18439,0.9113292477900105,weekend_standard,0,08,1,,
2025-08-30,QPR,Charlton Athletic,16875.0,18439,0.9151797819838386,weekend_other,0,08,2,,1.3333333333333333
2025-09-20,QPR,Stoke City,16481.0,18439,0.89381202885189,weekend_other,0,09,3,7.0,2.4
2025-10-01,QPR,Oxford United,15470.0,18439,0.8389825912468138,midweek,0,10,4,10.0,0.7142857142857143
2025-10-18,QPR,Millwall,17408.0,18439,0.9440859048755356,weekend_other,0,10,5,11.0,1.5555555555555556
2025-11-01,QPR,Ipswich Town,17505.0,18439,0.9493464938445686,weekend_standard,0,11,6,7.0,1.4545454545454546
2025-11-05,QPR,Southampton,16404.0,18439,0.8896360974022453,midweek,0,11,7,6.0,0.9230769230769231
2025-11-22,QPR,Hull City,16587.0,18439,0.8995607137046477,weekend_standard,0,11,8,4.0,1.6666666666666667
2025-12-06,QPR,West Brom,16745.0,18439,0.908129508107815,weekend_standard,0,12,9,7.0,1.3888888888888888
2025-12-09,QPR,Birmingham City,14947.0,18439,0.810618797114811,midweek,0,12,10,10.0,1.4736842105263157
2025-12-20,QPR,Leicester City,17500.0,18439,0.9490753294647216,weekend_standard,0,12,11,9.0,1.4761904761904763
2026-01-01,QPR,Norwich City,17452.0,18439,0.9464721514181896,midweek,0,01,12,7.0,0.875
2026-01-04,QPR,Sheffield Weds,16327.0,18439,0.8854601659526005,weekend_other,0,01,13,4.0,0.4583333333333333
2026-01-24,QPR,Wrexham,17502.0,18439,0.9491837952166604,weekend_standard,0,01,14,5.0,1.4642857142857142
2026-01-31,QPR,Coventry City,17321.0,18439,0.9393676446661966,weekend_standard,0,01,15,5.0,2.0
2026-02-14,QPR,Blackburn,16607.0,18439,0.900645371224036,weekend_standard,0,02,16,6.0,1.032258064516129
2026-02-28,QPR,Sheffield United,17376.0,18439,0.9423504528445144,weekend_standard,0,02,17,7.0,1.3235294117647058
2026-03-08,QPR,Middlesbrough,15940.0,18439,0.8644720429524377,weekend_other,0,03,18,4.0,1.8857142857142857
2026-03-21,QPR,Portsmouth,16962.0,18439,0.9198980421931776,weekend_standard,0,03,19,3.0,1.0810810810810811
2026-04-03,QPR,Watford,17532.0,18439,0.9508107814957428,fri_mon_night,0,04,20,6.0,1.435897435897436
2026-04-11,QPR,Bristol City,16745.0,18439,0.908129508107815,weekend_other,0,04,21,10.0,1.3902439024390243
2026-04-21,QPR,Swansea City,13835.0,18439,0.7503118390368241,midweek,0,04,22,8.0,1.3255813953488371
2026-04-25,QPR,Derby County,17131.0,18439,0.9290633982320082,weekend_standard,0,04,23,5.0,1.5
2025-08-09,Sheffield United,Bristol City,28033.0,32050,0.8746645865834634,weekend_other,0,08,1,,
2025-08-23,Sheffield United,Millwall,26835.0,32050,0.8372854914196568,weekend_standard,0,08,2,,1.5
2025-09-20,Sheffield United,Charlton Athletic,30165.0,32050,0.941185647425897,weekend_standard,0,09,3,0.0,1.0
2025-09-30,Sheffield United,Southampton,27053.0,32050,0.8440873634945398,midweek,0,09,4,3.0,1.0
2025-10-18,Sheffield United,Watford,27431.0,32050,0.8558814352574103,weekend_standard,0,10,5,3.0,1.3333333333333333
2025-11-01,Sheffield United,Derby County,28473.0,32050,0.888393135725429,weekend_standard,0,11,6,6.0,1.1666666666666667
2025-11-08,Sheffield United,QPR,26529.0,32050,0.8277379095163807,weekend_standard,0,11,7,6.0,1.2857142857142858
2025-11-26,Sheffield United,Portsmouth,25785.0,32050,0.8045241809672387,midweek,0,11,8,4.0,1.0625
2025-12-06,Sheffield United,Stoke City,28044.0,32050,0.8750078003120125,weekend_standard,0,12,9,10.0,1.6666666666666667
2025-12-09,Sheffield United,Norwich City,25577.0,32050,0.7980343213728549,midweek,0,12,10,13.0,0.6842105263157895
2025-12-20,Sheffield United,Birmingham City,28271.0,32050,0.8820904836193447,weekend_standard,0,12,11,10.0,1.380952380952381
2026-01-01,Sheffield United,Leicester City,29644.0,32050,0.9249297971918876,midweek,0,01,12,7.0,1.4166666666666667
2026-01-24,Sheffield United,Ipswich Town,28638.0,32050,0.8935413416536662,weekend_standard,0,01,13,6.0,1.8518518518518519
2026-02-03,Sheffield United,Oxford United,26436.0,32050,0.824836193447738,midweek,0,02,14,7.0,0.9310344827586207
2026-02-09,Sheffield United,Middlesbrough,27764.0,32050,0.8662714508580344,fri_mon_night,0,02,15,7.0,1.9333333333333333
2026-02-22,Sheffield United,Sheffield Weds,30457.0,32050,0.9502964118564744,weekend_other,1,02,16,10.0,0.34375
2026-02-25,Sheffield United,Coventry City,27696.0,32050,0.8641497659906396,midweek,0,02,17,10.0,1.9696969696969697
2026-03-07,Sheffield United,West Brom,28307.0,32050,0.8832137285491419,weekend_standard,0,03,18,9.0,1.0
2026-03-21,Sheffield United,Wrexham,27997.0,32050,0.8735413416536661,weekend_standard,0,03,19,5.0,1.5789473684210527
2026-04-03,Sheffield United,Swansea City,26457.0,32050,0.8254914196567863,fri_mon_night,0,04,20,5.0,1.3333333333333333
2026-04-11,Sheffield United,Hull City,27850.0,32050,0.8689547581903276,weekend_standard,0,04,21,2.0,1.6585365853658536
2026-04-22,Sheffield United,Blackburn,25987.0,32050,0.8108268330733229,midweek,0,04,22,7.0,1.1136363636363635
2026-04-25,Sheffield United,Preston,27115.0,32050,0.846021840873635,weekend_standard,0,04,23,7.0,1.2954545454545454
2025-08-16,Sheffield Weds,Stoke City,21683.0,39732,0.5457314003825632,weekend_standard,0,08,1,,3.0
2025-08-30,Sheffield Weds,Swansea City,19740.0,39732,0.4968287526427061,weekend_standard,0,08,2,,1.3333333333333333
2025-09-13,Sheffield Weds,Bristol City,20003.0,39732,0.5034481022853116,weekend_standard,0,09,3,,2.0
2025-09-27,Sheffield Weds,QPR,20132.0,39732,0.5066948555320648,weekend_standard,0,09,4,4.0,1.6666666666666667
2025-10-04,Sheffield Weds,Coventry City,22224.0,39732,0.559347629115071,weekend_other,0,10,5,5.0,2.0
2025-10-22,Sheffield Weds,Middlesbrough,21578.0,39732,0.543088694251485,midweek,0,10,6,5.0,2.1
2025-10-25,Sheffield Weds,Oxford United,27261.0,39732,0.6861220175173663,weekend_standard,0,10,7,2.0,0.8181818181818182
2025-11-05,Sheffield Weds,Norwich City,28156.0,39732,0.7086479412060808,midweek,0,11,8,1.0,0.6153846153846154
2025-11-23,Sheffield Weds,Sheffield United,32740.0,39732,0.82402094030001,weekend_other,1,11,9,2.0,0.6666666666666666
2025-11-29,Sheffield Weds,Preston,22652.0,39732,0.5701198026779423,weekend_standard,0,11,10,2.0,1.588235294117647
2025-12-15,Sheffield Weds,Derby County,23466.0,39732,0.5906070673512533,fri_mon_night,0,12,11,1.0,1.35
2025-12-26,Sheffield Weds,Hull City,27929.0,39732,0.7029346622369879,fri_mon_night,0,12,12,1.0,1.6818181818181819
2025-12-29,Sheffield Weds,Blackburn,22532.0,39732,0.5670995670995671,fri_mon_night,0,12,13,2.0,1.1818181818181819
2026-01-17,Sheffield Weds,Portsmouth,21351.0,39732,0.5373754152823921,weekend_standard,0,01,14,2.0,1.0416666666666667
2026-01-20,Sheffield Weds,Birmingham City,22396.0,39732,0.5636766334440753,midweek,0,01,15,2.0,1.2962962962962963
2026-01-31,Sheffield Weds,Wrexham,23297.0,39732,0.5863535689117084,weekend_other,0,01,16,0.0,1.5172413793103448
2026-02-14,Sheffield Weds,Millwall,22488.0,39732,0.5659921473874963,weekend_standard,0,02,17,0.0,1.7096774193548387
2026-02-28,Sheffield Weds,Southampton,23850.0,39732,0.6002718212020538,weekend_standard,0,02,18,0.0,1.4705882352941178
2026-03-10,Sheffield Weds,Watford,19653.0,39732,0.4946390818483842,midweek,0,03,19,0.0,1.457142857142857
2026-03-14,Sheffield Weds,Ipswich Town,23437.0,39732,0.5898771770864795,weekend_standard,0,03,20,1.0,1.8055555555555556
2026-04-06,Sheffield Weds,Leicester City,24223.0,39732,0.6096597201248364,fri_mon_night,0,04,21,1.0,1.15
2026-04-18,Sheffield Weds,Charlton Athletic,23538.0,39732,0.5924192086982785,weekend_standard,0,04,22,2.0,1.1666666666666667
2026-05-02,Sheffield Weds,West Brom,33750.0,39732,0.8494412564180006,weekend_other,0,05,23,3.0,1.1777777777777778
2025-08-09,Southampton,Wrexham,30970.0,32384,0.9563364624505928,weekend_other,0,08,1,,
2025-08-23,Southampton,Stoke City,28922.0,32384,0.8930953557312253,weekend_standard,0,08,2,,3.0
2025-09-14,Southampton,Portsmouth,30889.0,32384,0.9538352272727272,weekend_other,0,09,3,,1.75
2025-09-27,Southampton,Middlesbrough,28605.0,32384,0.8833065711462451,weekend_standard,0,09,4,3.0,2.6666666666666665
2025-10-18,Southampton,Swansea City,27256.0,32384,0.8416501976284585,weekend_other,0,10,5,6.0,1.3333333333333333
2025-11-01,Southampton,Preston,27233.0,32384,0.8409399703557312,weekend_standard,0,11,6,5.0,1.5833333333333333
2025-11-08,Southampton,Sheffield Weds,27607.0,32384,0.8524888833992095,weekend_standard,0,11,7,4.0,0.5714285714285714
2025-11-25,Southampton,Leicester City,25921.0,32384,0.8004261363636364,midweek,0,11,8,9.0,1.5
2025-12-06,Southampton,Birmingham City,29309.0,32384,0.9050457015810276,weekend_standard,0,12,9,12.0,1.5555555555555556
2025-12-09,Southampton,West Brom,26865.0,32384,0.8295763339920948,midweek,0,12,10,12.0,1.3157894736842106
2025-12-20,Southampton,Coventry City,30584.0,32384,0.9444169960474308,weekend_other,0,12,11,9.0,2.238095238095238
2026-01-01,Southampton,Millwall,30182.0,32384,0.9320034584980236,midweek,0,01,12,5.0,1.625
2026-01-17,Southampton,Hull City,27117.0,32384,0.8373579545454546,weekend_standard,0,01,13,3.0,1.64
2026-01-21,Southampton,Sheffield United,24357.0,32384,0.7521306818181818,midweek,0,01,14,2.0,1.2307692307692308
2026-02-07,Southampton,Watford,27721.0,32384,0.8560091403162056,weekend_other,0,02,15,7.0,1.4666666666666666
2026-02-21,Southampton,Charlton Athletic,29476.0,32384,0.9102025691699605,weekend_standard,0,02,16,13.0,1.21875
2026-02-24,Southampton,QPR,26422.0,32384,0.8158967391304348,midweek,0,02,17,11.0,1.4242424242424243
2026-03-18,Southampton,Norwich City,26605.0,32384,0.8215476778656127,midweek,0,03,18,11.0,1.3783783783783783
2026-03-21,Southampton,Oxford United,30428.0,32384,0.9395998023715416,weekend_standard,0,03,19,13.0,1.0263157894736843
2026-04-11,Southampton,Derby County,31206.0,32384,0.9636240118577076,weekend_standard,0,04,20,13.0,1.5365853658536586
2026-04-14,Southampton,Blackburn,25571.0,32384,0.7896183300395256,midweek,0,04,21,15.0,1.1428571428571428
2026-04-21,Southampton,Bristol City,28446.0,32384,0.8783967391304348,midweek,0,04,22,15.0,1.3488372093023255
2026-04-28,Southampton,Ipswich Town,31180.0,32384,0.9628211462450592,midweek,0,04,23,13.0,1.8181818181818181
2025-08-09,Stoke City,Derby County,25746.0,30089,0.8556615374389311,weekend_standard,1,08,1,,
2025-08-30,Stoke City,West Brom,25328.0,30089,0.8417694173950613,weekend_other,0,08,2,,2.3333333333333335
2025-09-13,Stoke City,Birmingham City,24676.0,30089,0.8201003689055801,weekend_standard,0,09,3,,1.75
2025-09-27,Stoke City,Norwich City,25148.0,30089,0.835787164744591,weekend_standard,0,09,4,9.0,1.1666666666666667
2025-10-18,Stoke City,Wrexham,27254.0,30089,0.9057795207550932,weekend_standard,0,10,5,6.0,1.1111111111111112
2025-11-01,Stoke City,Bristol City,23241.0,30089,0.7724085213865532,weekend_standard,0,11,6,8.0,1.8333333333333333
2025-11-08,Stoke City,Coventry City,27421.0,30089,0.9113297218252516,weekend_standard,0,11,7,12.0,2.2142857142857144
2025-11-25,Stoke City,Charlton Athletic,21105.0,30089,0.7014191232676393,midweek,0,11,8,9.0,1.4375
2025-11-29,Stoke City,Hull City,22331.0,30089,0.7421649107647313,weekend_other,0,11,9,9.0,1.4705882352941178
2025-12-13,Stoke City,Swansea City,23089.0,30089,0.7673568413706006,weekend_other,0,12,10,3.0,1.15
2025-12-26,Stoke City,Preston,26314.0,30089,0.8745388680248596,fri_mon_night,0,12,11,3.0,1.6363636363636365
2025-12-29,Stoke City,Sheffield United,24206.0,30089,0.8044800425404633,fri_mon_night,0,12,12,4.0,1.1304347826086956
2026-01-17,Stoke City,QPR,22045.0,30089,0.732659775997873,weekend_standard,0,01,13,7.0,1.4615384615384615
2026-01-21,Stoke City,Middlesbrough,20992.0,30089,0.6976635979926219,midweek,0,01,14,8.0,1.8148148148148149
2026-01-31,Stoke City,Southampton,23529.0,30089,0.7819801256273057,weekend_other,0,01,15,8.0,1.2758620689655173
2026-02-21,Stoke City,Leicester City,23997.0,30089,0.7975339825185284,weekend_other,0,02,16,2.0,1.1875
2026-02-25,Stoke City,Oxford United,20153.0,30089,0.669779653694041,midweek,0,02,17,3.0,0.8787878787878788
2026-03-10,Stoke City,Ipswich Town,22330.0,30089,0.7421316760277843,midweek,0,03,18,4.0,1.8285714285714285
2026-03-14,Stoke City,Watford,22085.0,30089,0.7339891654757552,weekend_standard,0,03,19,5.0,1.4444444444444444
2026-04-03,Stoke City,Sheffield Weds,25450.0,30089,0.8458240553026023,fri_mon_night,0,04,20,4.0,0.3076923076923077
2026-04-11,Stoke City,Blackburn,22718.0,30089,0.7550267539632424,weekend_standard,0,04,21,7.0,1.146341463414634
2026-04-21,Stoke City,Millwall,20961.0,30089,0.6966333211472632,midweek,0,04,22,4.0,1.7674418604651163
2026-04-25,Stoke City,Portsmouth,24894.0,30089,0.8273455415600386,weekend_standard,0,04,23,4.0,1.1590909090909092
2025-08-16,Swansea City,Sheffield United,15816.0,21088,0.75,weekend_standard,0,08,1,,0.0
2025-08-23,Swansea City,Watford,15543.0,21088,0.737054248861912,weekend_other,0,08,2,,1.5
2025-09-13,Swansea City,Hull City,15152.0,21088,0.7185128983308042,weekend_standard,0,09,3,,1.0
2025-09-27,Swansea City,Millwall,14942.0,21088,0.7085546282245827,weekend_other,0,09,4,8.0,1.6666666666666667
2025-10-04,Swansea City,Leicester City,16601.0,21088,0.7872249620637329,weekend_standard,0,10,5,8.0,1.625
2025-10-22,Swansea City,QPR,14254.0,21088,0.6759294385432474,midweek,0,10,6,5.0,1.5
2025-10-25,Swansea City,Norwich City,14729.0,21088,0.6984540971168437,weekend_standard,0,10,7,5.0,0.7272727272727273
2025-11-08,Swansea City,Ipswich Town,16783.0,21088,0.7958554628224582,weekend_standard,0,11,8,5.0,1.5384615384615385
2025-11-25,Swansea City,Derby County,14251.0,21088,0.6757871775417299,midweek,0,11,9,4.0,1.4375
2025-12-06,Swansea City,Oxford United,17318.0,21088,0.8212253414264037,weekend_standard,0,12,10,0.0,1.0
2025-12-09,Swansea City,Portsmouth,18163.0,21088,0.8612955235204856,midweek,0,12,11,3.0,0.9444444444444444
2025-12-19,Swansea City,Wrexham,20368.0,21088,0.965857359635812,fri_mon_night,0,12,12,6.0,1.3333333333333333
2026-01-01,Swansea City,West Brom,17416.0,21088,0.8258725341426404,midweek,0,01,13,9.0,1.2916666666666667
2026-01-17,Swansea City,Birmingham City,16753.0,21088,0.7944328528072838,weekend_other,0,01,14,9.0,1.3076923076923077
2026-01-20,Swansea City,Blackburn,13897.0,21088,0.6590003793626708,midweek,0,01,15,7.0,1.0769230769230769
2026-02-08,Swansea City,Sheffield Weds,16776.0,21088,0.7955235204855842,weekend_other,0,02,16,7.0,0.36666666666666664
2026-02-21,Swansea City,Bristol City,18009.0,21088,0.8539927921092565,weekend_other,0,02,17,9.0,1.46875
2026-02-24,Swansea City,Preston,20233.0,21088,0.9594556145675266,midweek,0,02,18,9.0,1.4545454545454546
2026-03-07,Swansea City,Stoke City,16147.0,21088,0.7656961305007587,weekend_standard,0,03,19,7.0,1.3428571428571427
2026-03-21,Swansea City,Coventry City,17732.0,21088,0.8408573596358119,weekend_other,0,03,20,7.0,2.026315789473684
2026-04-06,Swansea City,Middlesbrough,18168.0,21088,0.8615326251896813,fri_mon_night,0,04,21,7.0,1.775
2026-04-18,Swansea City,Southampton,17776.0,21088,0.8429438543247344,weekend_standard,0,04,22,5.0,1.7142857142857142
2026-05-02,Swansea City,Charlton Athletic,19245.0,21088,0.912604324734446,weekend_other,0,05,23,8.0,1.1777777777777778
2025-08-16,Watford,QPR,19517.0,22200,0.8791441441441441,weekend_standard,0,08,1,,1.0
2025-08-30,Watford,Southampton,19075.0,22200,0.8592342342342343,weekend_standard,0,08,2,,1.3333333333333333
2025-09-13,Watford,Blackburn,17964.0,22200,0.8091891891891891,weekend_standard,0,09,3,,0.75
2025-09-27,Watford,Hull City,17973.0,22200,0.8095945945945946,weekend_standard,0,09,4,5.0,1.3333333333333333
2025-10-04,Watford,Oxford United,19187.0,22200,0.8642792792792793,weekend_standard,0,10,5,5.0,0.75
2025-10-22,Watford,West Brom,17308.0,22200,0.7796396396396397,midweek,0,10,6,7.0,1.7
2025-11-01,Watford,Middlesbrough,19278.0,22200,0.8683783783783784,weekend_standard,0,11,7,7.0,2.0833333333333335
2025-11-07,Watford,Bristol City,19574.0,22200,0.8817117117117117,fri_mon_night,0,11,8,7.0,1.5714285714285714
2025-11-25,Watford,Preston,16113.0,22200,0.7258108108108108,midweek,0,11,9,8.0,1.625
2025-12-06,Watford,Norwich City,18871.0,22200,0.8500450450450451,weekend_other,0,12,10,6.0,0.7222222222222222
2025-12-09,Watford,Sheffield Weds,16834.0,22200,0.7582882882882883,midweek,0,12,11,8.0,0.4444444444444444
2025-12-20,Watford,Stoke City,19285.0,22200,0.8686936936936936,weekend_standard,0,12,12,6.0,1.5714285714285714
2026-01-01,Watford,Birmingham City,20816.0,22200,0.9376576576576576,midweek,0,01,13,11.0,1.2916666666666667
2026-01-17,Watford,Millwall,19074.0,22200,0.8591891891891892,weekend_other,0,01,14,13.0,1.6538461538461537
2026-01-21,Watford,Portsmouth,17577.0,22200,0.7917567567567567,midweek,0,01,15,12.0,1.12
2026-01-31,Watford,Swansea City,18691.0,22200,0.8419369369369369,weekend_standard,0,01,16,8.0,1.2413793103448276
2026-02-21,Watford,Derby County,19211.0,22200,0.8653603603603603,weekend_standard,0,02,17,3.0,1.5
2026-02-24,Watford,Ipswich Town,18249.0,22200,0.822027027027027,midweek,0,02,18,5.0,1.7419354838709677
2026-03-17,Watford,Wrexham,16378.0,22200,0.7377477477477478,midweek,0,03,19,7.0,1.6216216216216217
2026-03-21,Watford,Leicester City,19493.0,22200,0.878063063063063,weekend_standard,0,03,20,7.0,1.1578947368421053
2026-04-06,Watford,Charlton Athletic,19961.0,22200,0.8991441441441441,fri_mon_night,0,04,21,5.0,1.2
2026-04-18,Watford,Sheffield United,18495.0,22200,0.8331081081081081,weekend_standard,0,04,22,5.0,1.2857142857142858
2026-05-02,Watford,Coventry City,19174.0,22200,0.8636936936936936,weekend_other,0,05,23,1.0,2.0444444444444443
2025-08-09,West Brom,Blackburn,24653.0,26850,0.9181750465549348,weekend_standard,0,08,1,,
2025-08-23,West Brom,Portsmouth,24818.0,26850,0.9243202979515828,weekend_standard,0,08,2,,1.5
2025-09-13,West Brom,Derby County,25596.0,26850,0.9532960893854748,weekend_standard,0,09,3,,0.5
2025-09-26,West Brom,Leicester City,24235.0,26850,0.9026070763500932,fri_mon_night,0,09,4,7.0,1.8333333333333333
2025-10-18,West Brom,Preston,24068.0,26850,0.8963873370577281,weekend_standard,0,10,5,4.0,1.7777777777777777
2025-11-01,West Brom,Sheffield Weds,23622.0,26850,0.8797765363128491,weekend_other,0,11,6,6.0,0.5
2025-11-08,West Brom,Oxford United,22898.0,26850,0.8528119180633147,weekend_standard,0,11,7,4.0,0.9285714285714286
2025-11-26,West Brom,Birmingham City,24282.0,26850,0.9043575418994412,midweek,1,11,8,4.0,1.5
2025-11-29,West Brom,Swansea City,22200.0,26850,0.8268156424581006,weekend_standard,0,11,9,5.0,1.0
2025-12-12,West Brom,Sheffield United,22217.0,26850,0.8274487895716947,fri_mon_night,0,12,10,4.0,1.15
2025-12-26,West Brom,Bristol City,25050.0,26850,0.9329608938547486,fri_mon_night,0,12,11,6.0,1.5
2025-12-29,West Brom,QPR,23485.0,26850,0.8746741154562384,fri_mon_night,0,12,12,3.0,1.5217391304347827
2026-01-16,West Brom,Middlesbrough,23568.0,26850,0.8777653631284916,fri_mon_night,0,01,13,3.0,1.7692307692307692
2026-01-20,West Brom,Norwich City,21031.0,26850,0.7832774674115456,midweek,0,01,14,3.0,1.0
2026-02-07,West Brom,Stoke City,23462.0,26850,0.8738175046554935,weekend_standard,0,02,15,1.0,1.4
2026-02-21,West Brom,Coventry City,23479.0,26850,0.8744506517690875,weekend_other,0,02,16,3.0,1.9375
2026-02-24,West Brom,Charlton Athletic,20847.0,26850,0.7764245810055866,midweek,0,02,17,3.0,1.2121212121212122
2026-03-11,West Brom,Southampton,22127.0,26850,0.824096834264432,midweek,0,03,18,3.0,1.5142857142857142
2026-03-14,West Brom,Hull City,23245.0,26850,0.8657355679702048,weekend_standard,0,03,19,3.0,1.7027027027027026
2026-04-03,West Brom,Wrexham,25927.0,26850,0.9656238361266294,fri_mon_night,0,04,20,8.0,1.6153846153846154
2026-04-10,West Brom,Millwall,23447.0,26850,0.8732588454376163,fri_mon_night,0,04,21,9.0,1.7560975609756098
2026-04-21,West Brom,Watford,22805.0,26850,0.8493482309124767,midweek,0,04,22,9.0,1.3255813953488371
2026-04-25,West Brom,Ipswich Town,25318.0,26850,0.9429422718808194,weekend_other,0,04,23,9.0,1.8372093023255813
2025-08-16,Wrexham,West Brom,10656.0,12600,0.8457142857142858,weekend_other,0,08,1,,3.0
2025-08-23,Wrexham,Sheffield Weds,10628.0,12600,0.8434920634920635,weekend_standard,0,08,2,,0.0
2025-09-13,Wrexham,QPR,10608.0,12600,0.8419047619047619,weekend_standard,0,09,3,,1.0
2025-09-27,Wrexham,Derby County,10613.0,12600,0.8423015873015873,weekend_other,0,09,4,7.0,0.8333333333333334
2025-10-03,Wrexham,Birmingham City,10669.0,12600,0.8467460317460317,fri_mon_night,0,10,5,8.0,1.375
2025-10-22,Wrexham,Oxford United,10547.0,12600,0.8370634920634921,midweek,0,10,6,6.0,0.9
2025-10-31,Wrexham,Coventry City,10617.0,12600,0.8426190476190476,fri_mon_night,0,10,7,6.0,2.3333333333333335
2025-11-08,Wrexham,Charlton Athletic,11873.0,12600,0.9423015873015872,weekend_standard,0,11,8,8.0,1.6428571428571428
2025-11-26,Wrexham,Bristol City,10450.0,12600,0.8293650793650794,midweek,0,11,9,9.0,1.625
2025-11-29,Wrexham,Blackburn,10643.0,12600,0.8446825396825397,weekend_standard,0,11,10,11.0,1.1875
2025-12-13,Wrexham,Watford,10667.0,12600,0.8465873015873016,weekend_standard,0,12,11,6.0,1.4
2025-12-26,Wrexham,Sheffield United,10611.0,12600,0.8421428571428572,fri_mon_night,0,12,12,3.0,1.1818181818181819
2025-12-29,Wrexham,Preston,10616.0,12600,0.8425396825396826,fri_mon_night,0,12,13,5.0,1.608695652173913
2026-01-17,Wrexham,Norwich City,10650.0,12600,0.8452380952380952,weekend_standard,0,01,14,12.0,0.9230769230769231
2026-01-20,Wrexham,Leicester City,10609.0,12600,0.841984126984127,midweek,0,01,15,12.0,1.3703703703703705
2026-02-07,Wrexham,Millwall,10663.0,12600,0.8462698412698413,weekend_standard,0,02,16,10.0,1.6666666666666667
2026-02-21,Wrexham,Ipswich Town,10610.0,12600,0.8420634920634921,weekend_standard,0,02,17,8.0,1.8
2026-02-24,Wrexham,Portsmouth,10499.0,12600,0.8332539682539682,midweek,0,02,18,10.0,1.21875
2026-03-10,Wrexham,Hull City,10502.0,12600,0.8334920634920635,midweek,0,03,19,10.0,1.6666666666666667
2026-03-13,Wrexham,Swansea City,10641.0,12600,0.8445238095238096,fri_mon_night,0,03,20,10.0,1.4054054054054055
2026-04-07,Wrexham,Southampton,10547.0,12600,0.8370634920634921,midweek,0,04,21,7.0,1.6153846153846154
2026-04-18,Wrexham,Stoke City,10633.0,12600,0.8438888888888889,weekend_standard,0,04,22,4.0,1.3095238095238095
2026-05-02,Wrexham,Middlesbrough,10716.0,12600,0.8504761904761905,weekend_other,0,05,23,6.0,1.7555555555555555
